Produto,Preco
Energético Monster Absolutely 473ml,"   Valor a vista R$ 7,57  Clube bistek Indisponivel"
Energético Monster Ultra Violet 473ml,"   Valor a vista R$ 7,57  Clube bistek Indisponivel"
Energético Monster Green 473ml,"   Valor a vista R$ 7,57  Clube bistek Indisponivel"
Energético Monster Dragon Lemon 473ml,"   Valor a vista R$ 7,57  Clube bistek Indisponivel"
Energético Monster Ultra 473ml,"   Valor a vista R$ 7,57  Clube bistek Indisponivel"
Energético Monster Khaos 473ml,"   Valor a vista R$ 7,57  Clube bistek Indisponivel"
Energético Monster Mango Loco 473ml,"   Valor a vista R$ 7,57  Clube bistek Indisponivel"
Energético Monster Dragon Ice Tea 473ml,"   Valor a vista R$ 7,57  Clube bistek Indisponivel"
Energético Monster Pacific Punch 473ml,"   Valor a vista R$ 7,57  Clube bistek Indisponivel"
